indx,T,PE,rU,nSi,nC,nacc_insSi,nacc_delSi,nacc_insC,nacc_delC,GammaO,Eslab,EbulkAgO,EbulkO,Phi,A
1,,-2402.0692,,128,128,0,0,0,0,0,0,0,0,0,5
2,,-2401.8799,,128,128,0,0,0,0,0,0,0,0,0,5
3,,-2401.7938,,128,128,0,0,0,0,0,0,0,0,0,5
4,,-2401.6785,,128,128,0,0,0,0,0,0,0,0,0,5
5,,-2401.8591,,128,128,0,0,0,0,0,0,0,0,0,5
6,,-2402.0289,,128,128,0,0,0,0,0,0,0,0,0,5
7,,-2402.1528,,128,128,0,0,0,0,0,0,0,0,0,5
8,,-2402.2158,,128,128,0,0,0,0,0,0,0,0,0,5
9,,-2402.25,,128,128,0,0,0,0,0,0,0,0,0,5
10,,-2401.9769,,128,128,0,0,0,0,0,0,0,0,0,5
11,,-2401.8274,,128,128,0,0,0,0,0,0,0,0,0,5
12,,-2401.5846,,128,128,0,0,0,0,0,0,0,0,0,5
13,,-2401.4315,,128,128,0,0,0,0,0,0,0,0,0,5
14,,-2401.3015,,128,128,0,0,0,0,0,0,0,0,0,5
15,,-2401.2487,,128,128,0,0,0,0,0,0,0,0,0,5
16,,-2401.3416,,128,128,0,0,0,0,0,0,0,0,0,5
17,,-2401.6315,,128,128,0,0,0,0,0,0,0,0,0,5
18,,-2401.8234,,128,128,0,0,0,0,0,0,0,0,0,5
19,,-2402.2215,,128,128,0,0,0,0,0,0,0,0,0,5
20,,-2402.4267,,128,128,0,0,0,0,0,0,0,0,0,5
21,,-2402.6343,,128,128,0,0,0,0,0,0,0,0,0,5
22,,-2402.5971,,128,128,0,0,0,0,0,0,0,0,0,5
23,,-2402.4759,,128,128,0,0,0,0,0,0,0,0,0,5
24,,-2402.2254,,128,128,0,0,0,0,0,0,0,0,0,5
25,,-2401.8952,,128,128,0,0,0,0,0,0,0,0,0,5
26,,-2401.6417,,128,128,0,0,0,0,0,0,0,0,0,5
27,,-2401.2765,,128,128,0,0,0,0,0,0,0,0,0,5
28,,-2401.0138,,128,128,0,0,0,0,0,0,0,0,0,5
29,,-2400.8025,,128,128,0,0,0,0,0,0,0,0,0,5
30,,-2400.7138,,128,128,0,0,0,0,0,0,0,0,0,5
31,,-2400.8485,,128,128,0,0,0,0,0,0,0,0,0,5
32,,-2400.97,,128,128,0,0,0,0,0,0,0,0,0,5
33,,-2400.954,,128,128,0,0,0,0,0,0,0,0,0,5
34,,-2401.1233,,128,128,0,0,0,0,0,0,0,0,0,5
35,,-2401.2827,,128,128,0,0,0,0,0,0,0,0,0,5
36,,-2401.3463,,128,128,0,0,0,0,0,0,0,0,0,5
37,,-2401.4728,,128,128,0,0,0,0,0,0,0,0,0,5
38,,-2401.6525,,128,128,0,0,0,0,0,0,0,0,0,5
39,,-2401.8619,,128,128,0,0,0,0,0,0,0,0,0,5
40,,-2401.8156,,128,128,0,0,0,0,0,0,0,0,0,5
41,,-2401.6674,,128,128,0,0,0,0,0,0,0,0,0,5
42,,-2401.2589,,128,128,0,0,0,0,0,0,0,0,0,5
43,,-2401.186,,128,128,0,0,0,0,0,0,0,0,0,5
44,,-2407.9554,,128,129,0,0,1,0,0,0,0,0,0,5
45,,-2409.2391,,128,129,0,0,1,0,0,0,0,0,0,5
46,,-2410.2313,,128,129,0,0,1,0,0,0,0,0,0,5
47,,-2410.7791,,128,129,0,0,1,0,0,0,0,0,0,5
48,,-2411.0665,,128,129,0,0,1,0,0,0,0,0,0,5
49,,-2411.0908,,128,129,0,0,1,0,0,0,0,0,0,5
50,,-2411.0155,,128,129,0,0,1,0,0,0,0,0,0,5
51,,-2410.935,,128,129,0,0,1,0,0,0,0,0,0,5
52,,-2410.7595,,128,129,0,0,1,0,0,0,0,0,0,5
53,,-2410.6923,,128,129,0,0,1,0,0,0,0,0,0,5
54,,-2410.4781,,128,129,0,0,1,0,0,0,0,0,0,5
55,,-2410.0059,,128,129,0,0,1,0,0,0,0,0,0,5
56,,-2409.4875,,128,129,0,0,1,0,0,0,0,0,0,5
57,,-2409.3289,,128,129,0,0,1,0,0,0,0,0,0,5
58,,-2409.557,,128,129,0,0,1,0,0,0,0,0,0,5
59,,-2409.701,,128,129,0,0,1,0,0,0,0,0,0,5
60,,-2409.8845,,128,129,0,0,1,0,0,0,0,0,0,5
61,,-2410.1075,,128,129,0,0,1,0,0,0,0,0,0,5
62,,-2410.2163,,128,129,0,0,1,0,0,0,0,0,0,5
63,,-2410.7424,,128,129,0,0,1,0,0,0,0,0,0,5
64,,-2411.1874,,128,129,0,0,1,0,0,0,0,0,0,5
65,,-2411.5942,,128,129,0,0,1,0,0,0,0,0,0,5
66,,-2411.7655,,128,129,0,0,1,0,0,0,0,0,0,5
67,,-2411.817,,128,129,0,0,1,0,0,0,0,0,0,5
68,,-2411.851,,128,129,0,0,1,0,0,0,0,0,0,5
69,,-2411.7029,,128,129,0,0,1,0,0,0,0,0,0,5
70,,-2411.5655,,128,129,0,0,1,0,0,0,0,0,0,5
71,,-2411.4545,,128,129,0,0,1,0,0,0,0,0,0,5
72,,-2411.2534,,128,129,0,0,1,0,0,0,0,0,0,5
73,,-2410.9373,,128,129,0,0,1,0,0,0,0,0,0,5
74,,-2410.7611,,128,129,0,0,1,0,0,0,0,0,0,5
75,,-2410.7184,,128,129,0,0,1,0,0,0,0,0,0,5
76,,-2410.7638,,128,129,0,0,1,0,0,0,0,0,0,5
77,,-2410.7785,,128,129,0,0,1,0,0,0,0,0,0,5
78,,-2410.503,,128,129,0,0,1,0,0,0,0,0,0,5
79,,-2410.5076,,128,129,0,0,1,0,0,0,0,0,0,5
80,,-2410.2123,,128,129,0,0,1,0,0,0,0,0,0,5
81,,-2409.8503,,128,129,0,0,1,0,0,0,0,0,0,5
82,,-2409.6739,,128,129,0,0,1,0,0,0,0,0,0,5
83,,-2409.5396,,128,129,0,0,1,0,0,0,0,0,0,5
84,,-2409.4897,,128,129,0,0,1,0,0,0,0,0,0,5
85,,-2409.4894,,128,129,0,0,1,0,0,0,0,0,0,5
86,,-2409.4383,,128,129,0,0,1,0,0,0,0,0,0,5
87,,-2409.2892,,128,129,0,0,1,0,0,0,0,0,0,5
88,,-2409.1926,,128,129,0,0,1,0,0,0,0,0,0,5
89,,-2409.2428,,128,129,0,0,1,0,0,0,0,0,0,5
90,,-2409.1836,,128,129,0,0,1,0,0,0,0,0,0,5
91,,-2415.7683,,128,130,0,0,2,0,0,0,0,0,0,5
92,,-2415.7503,,128,130,0,0,2,0,0,0,0,0,0,5
93,,-2416.2359,,128,130,0,0,2,0,0,0,0,0,0,5
94,,-2416.0504,,128,130,0,0,2,0,0,0,0,0,0,5
95,,-2415.5497,,128,130,0,0,2,0,0,0,0,0,0,5
96,,-2415.4714,,128,130,0,0,2,0,0,0,0,0,0,5
97,,-2415.7002,,128,130,0,0,2,0,0,0,0,0,0,5
98,,-2415.8249,,128,130,0,0,2,0,0,0,0,0,0,5
99,,-2415.9855,,128,130,0,0,2,0,0,0,0,0,0,5
100,,-2416.2658,,128,130,0,0,2,0,0,0,0,0,0,5
101,,-2416.4568,,128,130,0,0,2,0,0,0,0,0,0,5
102,,-2416.5737,,128,130,0,0,2,0,0,0,0,0,0,5
103,,-2416.8548,,128,130,0,0,2,0,0,0,0,0,0,5
104,,-2417.0616,,128,130,0,0,2,0,0,0,0,0,0,5
105,,-2417.3516,,128,130,0,0,2,0,0,0,0,0,0,5
106,,-2417.2386,,128,130,0,0,2,0,0,0,0,0,0,5
107,,-2417.1538,,128,130,0,0,2,0,0,0,0,0,0,5
108,,-2417.095,,128,130,0,0,2,0,0,0,0,0,0,5
109,,-2416.9552,,128,130,0,0,2,0,0,0,0,0,0,5
110,,-2416.9373,,128,130,0,0,2,0,0,0,0,0,0,5
111,,-2417.2018,,128,130,0,0,2,0,0,0,0,0,0,5
112,,-2417.5821,,128,130,0,0,2,0,0,0,0,0,0,5
113,,-2417.511,,128,130,0,0,2,0,0,0,0,0,0,5
114,,-2417.9049,,128,130,0,0,2,0,0,0,0,0,0,5
115,,-2417.7607,,128,130,0,0,2,0,0,0,0,0,0,5
116,,-2417.7088,,128,130,0,0,2,0,0,0,0,0,0,5
117,,-2417.9577,,128,130,0,0,2,0,0,0,0,0,0,5
118,,-2417.9058,,128,130,0,0,2,0,0,0,0,0,0,5
119,,-2418.0799,,128,130,0,0,2,0,0,0,0,0,0,5
120,,-2418.1374,,128,130,0,0,2,0,0,0,0,0,0,5
121,,-2417.9668,,128,130,0,0,2,0,0,0,0,0,0,5
122,,-2418.0249,,128,130,0,0,2,0,0,0,0,0,0,5
123,,-2418.2066,,128,130,0,0,2,0,0,0,0,0,0,5
124,,-2418.3284,,128,130,0,0,2,0,0,0,0,0,0,5
125,,-2418.2901,,128,130,0,0,2,0,0,0,0,0,0,5
126,,-2418.0723,,128,130,0,0,2,0,0,0,0,0,0,5
127,,-2418.0256,,128,130,0,0,2,0,0,0,0,0,0,5
128,,-2417.8753,,128,130,0,0,2,0,0,0,0,0,0,5
129,,-2418.0008,,128,130,0,0,2,0,0,0,0,0,0,5
130,,-2418.0556,,128,130,0,0,2,0,0,0,0,0,0,5
131,,-2417.9892,,128,130,0,0,2,0,0,0,0,0,0,5
132,,-2418.099,,128,130,0,0,2,0,0,0,0,0,0,5
133,,-2417.994,,128,130,0,0,2,0,0,0,0,0,0,5
134,,-2418.0428,,128,130,0,0,2,0,0,0,0,0,0,5
135,,-2418.0672,,128,130,0,0,2,0,0,0,0,0,0,5
136,,-2418.0699,,128,130,0,0,2,0,0,0,0,0,0,5
137,,-2417.8317,,128,130,0,0,2,0,0,0,0,0,0,5
138,,-2418.0213,,128,130,0,0,2,0,0,0,0,0,0,5
139,,-2418.1678,,128,130,0,0,2,0,0,0,0,0,0,5
140,,-2418.1816,,128,130,0,0,2,0,0,0,0,0,0,5
141,,-2418.258,,128,130,0,0,2,0,0,0,0,0,0,5
142,,-2418.349,,128,130,0,0,2,0,0,0,0,0,0,5
143,,-2418.2957,,128,130,0,0,2,0,0,0,0,0,0,5
144,,-2418.2598,,128,130,0,0,2,0,0,0,0,0,0,5
145,,-2418.2018,,128,130,0,0,2,0,0,0,0,0,0,5
146,,-2418.2861,,128,130,0,0,2,0,0,0,0,0,0,5
147,,-2418.3496,,128,130,0,0,2,0,0,0,0,0,0,5
148,,-2418.4789,,128,130,0,0,2,0,0,0,0,0,0,5
149,,-2418.5791,,128,130,0,0,2,0,0,0,0,0,0,5
150,,-2418.5498,,128,130,0,0,2,0,0,0,0,0,0,5
151,,-2418.6247,,128,130,0,0,2,0,0,0,0,0,0,5
152,,-2418.3696,,128,130,0,0,2,0,0,0,0,0,0,5
153,,-2424.5003,,128,131,0,0,3,0,0,0,0,0,0,5
154,,-2424.0673,,128,131,0,0,3,0,0,0,0,0,0,5
155,,-2424.0945,,128,131,0,0,3,0,0,0,0,0,0,5
156,,-2424.2453,,128,131,0,0,3,0,0,0,0,0,0,5
157,,-2425.0192,,128,131,0,0,3,0,0,0,0,0,0,5
158,,-2425.237,,128,131,0,0,3,0,0,0,0,0,0,5
159,,-2425.4866,,128,131,0,0,3,0,0,0,0,0,0,5
160,,-2425.6167,,128,131,0,0,3,0,0,0,0,0,0,5
161,,-2425.7227,,128,131,0,0,3,0,0,0,0,0,0,5
162,,-2425.9811,,128,131,0,0,3,0,0,0,0,0,0,5
163,,-2426.2107,,128,131,0,0,3,0,0,0,0,0,0,5
164,,-2426.5096,,128,131,0,0,3,0,0,0,0,0,0,5
165,,-2426.5596,,128,131,0,0,3,0,0,0,0,0,0,5
166,,-2426.6489,,128,131,0,0,3,0,0,0,0,0,0,5
167,,-2426.6411,,128,131,0,0,3,0,0,0,0,0,0,5
168,,-2426.1156,,128,131,0,0,3,0,0,0,0,0,0,5
169,,-2425.7352,,128,131,0,0,3,0,0,0,0,0,0,5
170,,-2425.5583,,128,131,0,0,3,0,0,0,0,0,0,5
171,,-2425.1993,,128,131,0,0,3,0,0,0,0,0,0,5
172,,-2425.179,,128,131,0,0,3,0,0,0,0,0,0,5
173,,-2425.0987,,128,131,0,0,3,0,0,0,0,0,0,5
174,,-2425.1552,,128,131,0,0,3,0,0,0,0,0,0,5
175,,-2425.2854,,128,131,0,0,3,0,0,0,0,0,0,5
176,,-2425.4378,,128,131,0,0,3,0,0,0,0,0,0,5
177,,-2425.5374,,128,131,0,0,3,0,0,0,0,0,0,5
178,,-2425.5692,,128,131,0,0,3,0,0,0,0,0,0,5
179,,-2425.5775,,128,131,0,0,3,0,0,0,0,0,0,5
180,,-2425.747,,128,131,0,0,3,0,0,0,0,0,0,5
181,,-2425.9912,,128,131,0,0,3,0,0,0,0,0,0,5
182,,-2426.1237,,128,131,0,0,3,0,0,0,0,0,0,5
183,,-2426.4519,,128,131,0,0,3,0,0,0,0,0,0,5
184,,-2426.4694,,128,131,0,0,3,0,0,0,0,0,0,5
185,,-2426.636,,128,131,0,0,3,0,0,0,0,0,0,5
186,,-2426.5055,,128,131,0,0,3,0,0,0,0,0,0,5
187,,-2426.0266,,128,131,0,0,3,0,0,0,0,0,0,5
188,,-2425.7039,,128,131,0,0,3,0,0,0,0,0,0,5
189,,-2425.4059,,128,131,0,0,3,0,0,0,0,0,0,5
190,,-2425.2925,,128,131,0,0,3,0,0,0,0,0,0,5
191,,-2425.2324,,128,131,0,0,3,0,0,0,0,0,0,5
192,,-2425.104,,128,131,0,0,3,0,0,0,0,0,0,5
193,,-2425.187,,128,131,0,0,3,0,0,0,0,0,0,5
194,,-2425.2974,,128,131,0,0,3,0,0,0,0,0,0,5
195,,-2425.9925,,128,131,0,0,3,0,0,0,0,0,0,5
196,,-2426.2571,,128,131,0,0,3,0,0,0,0,0,0,5
197,,-2426.6151,,128,131,0,0,3,0,0,0,0,0,0,5
198,,-2427.0041,,128,131,0,0,3,0,0,0,0,0,0,5
199,,-2427.4647,,128,131,0,0,3,0,0,0,0,0,0,5
200,,-2427.3875,,128,131,0,0,3,0,0,0,0,0,0,5
201,,-2427.4375,,128,131,0,0,3,0,0,0,0,0,0,5
202,,-2427.4632,,128,131,0,0,3,0,0,0,0,0,0,5
203,,-2427.178,,128,131,0,0,3,0,0,0,0,0,0,5
204,,-2427.0199,,128,131,0,0,3,0,0,0,0,0,0,5
205,,-2426.6745,,128,131,0,0,3,0,0,0,0,0,0,5
206,,-2426.6507,,128,131,0,0,3,0,0,0,0,0,0,5
207,,-2426.405,,128,131,0,0,3,0,0,0,0,0,0,5
208,,-2426.3686,,128,131,0,0,3,0,0,0,0,0,0,5
209,,-2426.2491,,128,131,0,0,3,0,0,0,0,0,0,5
210,,-2426.1426,,128,131,0,0,3,0,0,0,0,0,0,5
211,,-2426.0551,,128,131,0,0,3,0,0,0,0,0,0,5
212,,-2426.1904,,128,131,0,0,3,0,0,0,0,0,0,5
213,,-2426.3866,,128,131,0,0,3,0,0,0,0,0,0,5
214,,-2432.0568,,129,131,1,0,3,0,0,0,0,0,0,5
215,,-2432.3418,,129,131,1,0,3,0,0,0,0,0,0,5
216,,-2432.7478,,129,131,1,0,3,0,0,0,0,0,0,5
217,,-2433.2528,,129,131,1,0,3,0,0,0,0,0,0,5
218,,-2433.543,,129,131,1,0,3,0,0,0,0,0,0,5
219,,-2433.2884,,129,131,1,0,3,0,0,0,0,0,0,5
220,,-2433.3554,,129,131,1,0,3,0,0,0,0,0,0,5
221,,-2433.2962,,129,131,1,0,3,0,0,0,0,0,0,5
222,,-2433.222,,129,131,1,0,3,0,0,0,0,0,0,5
223,,-2433.1023,,129,131,1,0,3,0,0,0,0,0,0,5
224,,-2432.7777,,129,131,1,0,3,0,0,0,0,0,0,5
225,,-2432.5645,,129,131,1,0,3,0,0,0,0,0,0,5
226,,-2432.6737,,129,131,1,0,3,0,0,0,0,0,0,5
227,,-2432.4572,,129,131,1,0,3,0,0,0,0,0,0,5
228,,-2432.24,,129,131,1,0,3,0,0,0,0,0,0,5
229,,-2432.1518,,129,131,1,0,3,0,0,0,0,0,0,5
230,,-2432.2314,,129,131,1,0,3,0,0,0,0,0,0,5
231,,-2432.22,,129,131,1,0,3,0,0,0,0,0,0,5
232,,-2432.4033,,129,131,1,0,3,0,0,0,0,0,0,5
233,,-2432.5788,,129,131,1,0,3,0,0,0,0,0,0,5
234,,-2432.8616,,129,131,1,0,3,0,0,0,0,0,0,5
235,,-2433.1222,,129,131,1,0,3,0,0,0,0,0,0,5
236,,-2433.292,,129,131,1,0,3,0,0,0,0,0,0,5
237,,-2433.4459,,129,131,1,0,3,0,0,0,0,0,0,5
238,,-2433.7174,,129,131,1,0,3,0,0,0,0,0,0,5
239,,-2433.683,,129,131,1,0,3,0,0,0,0,0,0,5
240,,-2434.0311,,129,131,1,0,3,0,0,0,0,0,0,5
241,,-2434.2042,,129,131,1,0,3,0,0,0,0,0,0,5
242,,-2434.1418,,129,131,1,0,3,0,0,0,0,0,0,5
243,,-2433.7659,,129,131,1,0,3,0,0,0,0,0,0,5
244,,-2433.2486,,129,131,1,0,3,0,0,0,0,0,0,5
245,,-2433.1678,,129,131,1,0,3,0,0,0,0,0,0,5
246,,-2433.2132,,129,131,1,0,3,0,0,0,0,0,0,5
247,,-2432.9445,,129,131,1,0,3,0,0,0,0,0,0,5
248,,-2432.9717,,129,131,1,0,3,0,0,0,0,0,0,5
249,,-2433.2341,,129,131,1,0,3,0,0,0,0,0,0,5
250,,-2433.6222,,129,131,1,0,3,0,0,0,0,0,0,5
251,,-2434.092,,129,131,1,0,3,0,0,0,0,0,0,5
252,,-2434.4872,,129,131,1,0,3,0,0,0,0,0,0,5
253,,-2434.6574,,129,131,1,0,3,0,0,0,0,0,0,5
254,,-2434.8664,,129,131,1,0,3,0,0,0,0,0,0,5
255,,-2434.8227,,129,131,1,0,3,0,0,0,0,0,0,5
256,,-2434.5298,,129,131,1,0,3,0,0,0,0,0,0,5
257,,-2434.3468,,129,131,1,0,3,0,0,0,0,0,0,5
258,,-2433.9945,,129,131,1,0,3,0,0,0,0,0,0,5
259,,-2433.5443,,129,131,1,0,3,0,0,0,0,0,0,5
260,,-2433.1087,,129,131,1,0,3,0,0,0,0,0,0,5
261,,-2438.2937,,129,132,1,0,4,0,0,0,0,0,0,5
262,,-2438.3832,,129,132,1,0,4,0,0,0,0,0,0,5
263,,-2439.3896,,129,132,1,0,4,0,0,0,0,0,0,5
264,,-2439.4363,,129,132,1,0,4,0,0,0,0,0,0,5
265,,-2439.4429,,129,132,1,0,4,0,0,0,0,0,0,5
266,,-2439.7495,,129,132,1,0,4,0,0,0,0,0,0,5
267,,-2439.7694,,129,132,1,0,4,0,0,0,0,0,0,5
268,,-2440.0948,,129,132,1,0,4,0,0,0,0,0,0,5
269,,-2440.3415,,129,132,1,0,4,0,0,0,0,0,0,5
270,,-2440.5567,,129,132,1,0,4,0,0,0,0,0,0,5
271,,-2440.451,,129,132,1,0,4,0,0,0,0,0,0,5
272,,-2440.4672,,129,132,1,0,4,0,0,0,0,0,0,5
273,,-2440.4103,,129,132,1,0,4,0,0,0,0,0,0,5
274,,-2440.2458,,129,132,1,0,4,0,0,0,0,0,0,5
275,,-2440.1229,,129,132,1,0,4,0,0,0,0,0,0,5
276,,-2440.0167,,129,132,1,0,4,0,0,0,0,0,0,5
277,,-2440.0055,,129,132,1,0,4,0,0,0,0,0,0,5
278,,-2440.0853,,129,132,1,0,4,0,0,0,0,0,0,5
279,,-2440.4873,,129,132,1,0,4,0,0,0,0,0,0,5
280,,-2440.946,,129,132,1,0,4,0,0,0,0,0,0,5
281,,-2441.1236,,129,132,1,0,4,0,0,0,0,0,0,5
282,,-2440.8366,,129,132,1,0,4,0,0,0,0,0,0,5
283,,-2440.837,,129,132,1,0,4,0,0,0,0,0,0,5
284,,-2441.2206,,129,132,1,0,4,0,0,0,0,0,0,5
285,,-2441.2115,,129,132,1,0,4,0,0,0,0,0,0,5
286,,-2441.2375,,129,132,1,0,4,0,0,0,0,0,0,5
287,,-2441.1816,,129,132,1,0,4,0,0,0,0,0,0,5
288,,-2441.1796,,129,132,1,0,4,0,0,0,0,0,0,5
289,,-2441.2443,,129,132,1,0,4,0,0,0,0,0,0,5
290,,-2441.2687,,129,132,1,0,4,0,0,0,0,0,0,5
291,,-2441.3813,,129,132,1,0,4,0,0,0,0,0,0,5
292,,-2441.568,,129,132,1,0,4,0,0,0,0,0,0,5
293,,-2441.3663,,129,132,1,0,4,0,0,0,0,0,0,5
294,,-2441.4054,,129,132,1,0,4,0,0,0,0,0,0,5
295,,-2441.2579,,129,132,1,0,4,0,0,0,0,0,0,5
296,,-2440.9391,,129,132,1,0,4,0,0,0,0,0,0,5
297,,-2440.7279,,129,132,1,0,4,0,0,0,0,0,0,5
298,,-2440.439,,129,132,1,0,4,0,0,0,0,0,0,5
299,,-2440.4213,,129,132,1,0,4,0,0,0,0,0,0,5
300,,-2440.59,,129,132,1,0,4,0,0,0,0,0,0,5
301,,-2440.7185,,129,132,1,0,4,0,0,0,0,0,0,5
302,,-2440.943,,129,132,1,0,4,0,0,0,0,0,0,5
303,,-2441.1563,,129,132,1,0,4,0,0,0,0,0,0,5
304,,-2441.585,,129,132,1,0,4,0,0,0,0,0,0,5
305,,-2441.4407,,129,132,1,0,4,0,0,0,0,0,0,5
306,,-2441.5756,,129,132,1,0,4,0,0,0,0,0,0,5
307,,-2441.747,,129,132,1,0,4,0,0,0,0,0,0,5
308,,-2441.8957,,129,132,1,0,4,0,0,0,0,0,0,5
309,,-2442.0203,,129,132,1,0,4,0,0,0,0,0,0,5
310,,-2442.0074,,129,132,1,0,4,0,0,0,0,0,0,5
311,,-2441.9305,,129,132,1,0,4,0,0,0,0,0,0,5
312,,-2441.5705,,129,132,1,0,4,0,0,0,0,0,0,5
313,,-2441.147,,129,132,1,0,4,0,0,0,0,0,0,5
314,,-2440.7495,,129,132,1,0,4,0,0,0,0,0,0,5
315,,-2440.4053,,129,132,1,0,4,0,0,0,0,0,0,5
316,,-2440.1267,,129,132,1,0,4,0,0,0,0,0,0,5
317,,-2439.6831,,129,132,1,0,4,0,0,0,0,0,0,5
318,,-2439.5411,,129,132,1,0,4,0,0,0,0,0,0,5
319,,-2445.8749,,129,133,1,0,5,0,0,0,0,0,0,5
320,,-2445.8428,,129,133,1,0,5,0,0,0,0,0,0,5
321,,-2446.0016,,129,133,1,0,5,0,0,0,0,0,0,5
322,,-2445.9938,,129,133,1,0,5,0,0,0,0,0,0,5
323,,-2446.109,,129,133,1,0,5,0,0,0,0,0,0,5
324,,-2446.4038,,129,133,1,0,5,0,0,0,0,0,0,5
325,,-2446.6147,,129,133,1,0,5,0,0,0,0,0,0,5
326,,-2446.8408,,129,133,1,0,5,0,0,0,0,0,0,5
327,,-2446.8908,,129,133,1,0,5,0,0,0,0,0,0,5
328,,-2446.8995,,129,133,1,0,5,0,0,0,0,0,0,5
329,,-2446.776,,129,133,1,0,5,0,0,0,0,0,0,5
330,,-2446.4005,,129,133,1,0,5,0,0,0,0,0,0,5
331,,-2445.8988,,129,133,1,0,5,0,0,0,0,0,0,5
332,,-2445.7298,,129,133,1,0,5,0,0,0,0,0,0,5
333,,-2445.8627,,129,133,1,0,5,0,0,0,0,0,0,5
334,,-2445.8163,,129,133,1,0,5,0,0,0,0,0,0,5
335,,-2445.9897,,129,133,1,0,5,0,0,0,0,0,0,5
336,,-2446.2078,,129,133,1,0,5,0,0,0,0,0,0,5
337,,-2446.4481,,129,133,1,0,5,0,0,0,0,0,0,5
338,,-2446.7729,,129,133,1,0,5,0,0,0,0,0,0,5
339,,-2447.1782,,129,133,1,0,5,0,0,0,0,0,0,5
340,,-2447.6444,,129,133,1,0,5,0,0,0,0,0,0,5
341,,-2448.104,,129,133,1,0,5,0,0,0,0,0,0,5
342,,-2448.496,,129,133,1,0,5,0,0,0,0,0,0,5
343,,-2448.4806,,129,133,1,0,5,0,0,0,0,0,0,5
344,,-2448.2517,,129,133,1,0,5,0,0,0,0,0,0,5
345,,-2447.8785,,129,133,1,0,5,0,0,0,0,0,0,5
346,,-2447.5388,,129,133,1,0,5,0,0,0,0,0,0,5
347,,-2447.2643,,129,133,1,0,5,0,0,0,0,0,0,5
348,,-2446.9208,,129,133,1,0,5,0,0,0,0,0,0,5
349,,-2446.7946,,129,133,1,0,5,0,0,0,0,0,0,5
350,,-2446.7968,,129,133,1,0,5,0,0,0,0,0,0,5
351,,-2446.9273,,129,133,1,0,5,0,0,0,0,0,0,5
352,,-2447.073,,129,133,1,0,5,0,0,0,0,0,0,5
353,,-2447.5955,,129,133,1,0,5,0,0,0,0,0,0,5
354,,-2447.7691,,129,133,1,0,5,0,0,0,0,0,0,5
355,,-2447.7083,,129,133,1,0,5,0,0,0,0,0,0,5
356,,-2447.8498,,129,133,1,0,5,0,0,0,0,0,0,5
357,,-2448.0464,,129,133,1,0,5,0,0,0,0,0,0,5
358,,-2448.3079,,129,133,1,0,5,0,0,0,0,0,0,5
359,,-2448.5939,,129,133,1,0,5,0,0,0,0,0,0,5
360,,-2448.9047,,129,133,1,0,5,0,0,0,0,0,0,5
361,,-2449.0484,,129,133,1,0,5,0,0,0,0,0,0,5
362,,-2449.12,,129,133,1,0,5,0,0,0,0,0,0,5
363,,-2449.1892,,129,133,1,0,5,0,0,0,0,0,0,5
364,,-2449.1946,,129,133,1,0,5,0,0,0,0,0,0,5
365,,-2449.0935,,129,133,1,0,5,0,0,0,0,0,0,5
366,,-2448.6977,,129,133,1,0,5,0,0,0,0,0,0,5
367,,-2448.5427,,129,133,1,0,5,0,0,0,0,0,0,5
368,,-2448.394,,129,133,1,0,5,0,0,0,0,0,0,5
369,,-2448.3816,,129,133,1,0,5,0,0,0,0,0,0,5
370,,-2448.2446,,129,133,1,0,5,0,0,0,0,0,0,5
371,,-2448.1177,,129,133,1,0,5,0,0,0,0,0,0,5
372,,-2448.0382,,129,133,1,0,5,0,0,0,0,0,0,5
373,,-2448.1668,,129,133,1,0,5,0,0,0,0,0,0,5
374,,-2448.3134,,129,133,1,0,5,0,0,0,0,0,0,5
375,,-2448.5416,,129,133,1,0,5,0,0,0,0,0,0,5
376,,-2449.0204,,129,133,1,0,5,0,0,0,0,0,0,5
377,,-2449.2713,,129,133,1,0,5,0,0,0,0,0,0,5
378,,-2449.4783,,129,133,1,0,5,0,0,0,0,0,0,5
379,,-2449.6266,,129,133,1,0,5,0,0,0,0,0,0,5
380,,-2449.8259,,129,133,1,0,5,0,0,0,0,0,0,5
381,,-2449.827,,129,133,1,0,5,0,0,0,0,0,0,5
382,,-2449.7584,,129,133,1,0,5,0,0,0,0,0,0,5
383,,-2449.8024,,129,133,1,0,5,0,0,0,0,0,0,5
384,,-2449.3795,,129,133,1,0,5,0,0,0,0,0,0,5
385,,-2448.8639,,129,133,1,0,5,0,0,0,0,0,0,5
386,,-2448.5478,,129,133,1,0,5,0,0,0,0,0,0,5
387,,-2448.3832,,129,133,1,0,5,0,0,0,0,0,0,5
388,,-2448.6128,,129,133,1,0,5,0,0,0,0,0,0,5
389,,-2448.4198,,129,133,1,0,5,0,0,0,0,0,0,5
390,,-2448.8297,,129,133,1,0,5,0,0,0,0,0,0,5
391,,-2448.9933,,129,133,1,0,5,0,0,0,0,0,0,5
392,,-2449.1724,,129,133,1,0,5,0,0,0,0,0,0,5
393,,-2449.3043,,129,133,1,0,5,0,0,0,0,0,0,5
394,,-2449.572,,129,133,1,0,5,0,0,0,0,0,0,5
395,,-2449.6201,,129,133,1,0,5,0,0,0,0,0,0,5
396,,-2449.5181,,129,133,1,0,5,0,0,0,0,0,0,5
397,,-2449.6542,,129,133,1,0,5,0,0,0,0,0,0,5
398,,-2449.4439,,129,133,1,0,5,0,0,0,0,0,0,5
399,,-2449.2297,,129,133,1,0,5,0,0,0,0,0,0,5
400,,-2448.9642,,129,133,1,0,5,0,0,0,0,0,0,5
401,,-2448.6013,,129,133,1,0,5,0,0,0,0,0,0,5
402,,-2448.4119,,129,133,1,0,5,0,0,0,0,0,0,5
403,,-2448.2832,,129,133,1,0,5,0,0,0,0,0,0,5
404,,-2448.1143,,129,133,1,0,5,0,0,0,0,0,0,5
405,,-2447.986,,129,133,1,0,5,0,0,0,0,0,0,5
406,,-2447.9389,,129,133,1,0,5,0,0,0,0,0,0,5
407,,-2447.8983,,129,133,1,0,5,0,0,0,0,0,0,5
408,,-2447.8256,,129,133,1,0,5,0,0,0,0,0,0,5
409,,-2447.9753,,129,133,1,0,5,0,0,0,0,0,0,5
410,,-2448.1082,,129,133,1,0,5,0,0,0,0,0,0,5
411,,-2447.8515,,129,133,1,0,5,0,0,0,0,0,0,5
412,,-2447.7418,,129,133,1,0,5,0,0,0,0,0,0,5
413,,-2447.6171,,129,133,1,0,5,0,0,0,0,0,0,5
414,,-2447.8542,,129,133,1,0,5,0,0,0,0,0,0,5
415,,-2448.0696,,129,133,1,0,5,0,0,0,0,0,0,5
416,,-2448.2532,,129,133,1,0,5,0,0,0,0,0,0,5
417,,-2448.3638,,129,133,1,0,5,0,0,0,0,0,0,5
418,,-2448.5441,,129,133,1,0,5,0,0,0,0,0,0,5
419,,-2448.5595,,129,133,1,0,5,0,0,0,0,0,0,5
420,,-2448.6663,,129,133,1,0,5,0,0,0,0,0,0,5
421,,-2448.9179,,129,133,1,0,5,0,0,0,0,0,0,5
422,,-2449.2566,,129,133,1,0,5,0,0,0,0,0,0,5
423,,-2449.3067,,129,133,1,0,5,0,0,0,0,0,0,5
424,,-2449.23,,129,133,1,0,5,0,0,0,0,0,0,5
425,,-2449.0865,,129,133,1,0,5,0,0,0,0,0,0,5
426,,-2448.9488,,129,133,1,0,5,0,0,0,0,0,0,5
427,,-2448.7227,,129,133,1,0,5,0,0,0,0,0,0,5
428,,-2448.8871,,129,133,1,0,5,0,0,0,0,0,0,5
429,,-2448.9948,,129,133,1,0,5,0,0,0,0,0,0,5
430,,-2449.0667,,129,133,1,0,5,0,0,0,0,0,0,5
431,,-2449.0804,,129,133,1,0,5,0,0,0,0,0,0,5
432,,-2448.9201,,129,133,1,0,5,0,0,0,0,0,0,5
433,,-2448.8386,,129,133,1,0,5,0,0,0,0,0,0,5
434,,-2448.7799,,129,133,1,0,5,0,0,0,0,0,0,5
435,,-2448.7793,,129,133,1,0,5,0,0,0,0,0,0,5
436,,-2448.8159,,129,133,1,0,5,0,0,0,0,0,0,5
437,,-2448.7071,,129,133,1,0,5,0,0,0,0,0,0,5
438,,-2448.6014,,129,133,1,0,5,0,0,0,0,0,0,5
439,,-2448.8766,,129,133,1,0,5,0,0,0,0,0,0,5
440,,-2449.2073,,129,133,1,0,5,0,0,0,0,0,0,5
441,,-2449.5413,,129,133,1,0,5,0,0,0,0,0,0,5
442,,-2449.5325,,129,133,1,0,5,0,0,0,0,0,0,5
443,,-2449.5626,,129,133,1,0,5,0,0,0,0,0,0,5
444,,-2449.512,,129,133,1,0,5,0,0,0,0,0,0,5
445,,-2449.4633,,129,133,1,0,5,0,0,0,0,0,0,5
446,,-2449.251,,129,133,1,0,5,0,0,0,0,0,0,5
447,,-2449.1296,,129,133,1,0,5,0,0,0,0,0,0,5
448,,-2448.8676,,129,133,1,0,5,0,0,0,0,0,0,5
449,,-2448.8303,,129,133,1,0,5,0,0,0,0,0,0,5
450,,-2454.2545,,130,133,2,0,5,0,0,0,0,0,0,5
451,,-2454.1823,,130,133,2,0,5,0,0,0,0,0,0,5
452,,-2454.3729,,130,133,2,0,5,0,0,0,0,0,0,5
453,,-2454.6712,,130,133,2,0,5,0,0,0,0,0,0,5
454,,-2455.3238,,130,133,2,0,5,0,0,0,0,0,0,5
455,,-2455.4321,,130,133,2,0,5,0,0,0,0,0,0,5
456,,-2455.5611,,130,133,2,0,5,0,0,0,0,0,0,5
457,,-2455.5719,,130,133,2,0,5,0,0,0,0,0,0,5
458,,-2455.5988,,130,133,2,0,5,0,0,0,0,0,0,5
459,,-2455.5335,,130,133,2,0,5,0,0,0,0,0,0,5
460,,-2455.4825,,130,133,2,0,5,0,0,0,0,0,0,5
461,,-2455.2471,,130,133,2,0,5,0,0,0,0,0,0,5
462,,-2454.8654,,130,133,2,0,5,0,0,0,0,0,0,5
463,,-2454.6997,,130,133,2,0,5,0,0,0,0,0,0,5
464,,-2454.465,,130,133,2,0,5,0,0,0,0,0,0,5
465,,-2454.2109,,130,133,2,0,5,0,0,0,0,0,0,5
466,,-2454.2467,,130,133,2,0,5,0,0,0,0,0,0,5
467,,-2454.4241,,130,133,2,0,5,0,0,0,0,0,0,5
468,,-2454.7359,,130,133,2,0,5,0,0,0,0,0,0,5
469,,-2455.1863,,130,133,2,0,5,0,0,0,0,0,0,5
470,,-2455.5353,,130,133,2,0,5,0,0,0,0,0,0,5
471,,-2455.5901,,130,133,2,0,5,0,0,0,0,0,0,5
472,,-2455.5033,,130,133,2,0,5,0,0,0,0,0,0,5
473,,-2455.3214,,130,133,2,0,5,0,0,0,0,0,0,5
474,,-2455.0938,,130,133,2,0,5,0,0,0,0,0,0,5
475,,-2454.8566,,130,133,2,0,5,0,0,0,0,0,0,5
476,,-2454.6268,,130,133,2,0,5,0,0,0,0,0,0,5
477,,-2454.3282,,130,133,2,0,5,0,0,0,0,0,0,5
478,,-2454.1078,,130,133,2,0,5,0,0,0,0,0,0,5
479,,-2453.9556,,130,133,2,0,5,0,0,0,0,0,0,5
480,,-2453.8087,,130,133,2,0,5,0,0,0,0,0,0,5
481,,-2453.7105,,130,133,2,0,5,0,0,0,0,0,0,5
482,,-2453.7194,,130,133,2,0,5,0,0,0,0,0,0,5
483,,-2453.7887,,130,133,2,0,5,0,0,0,0,0,0,5
484,,-2454.1235,,130,133,2,0,5,0,0,0,0,0,0,5
485,,-2454.4713,,130,133,2,0,5,0,0,0,0,0,0,5
486,,-2454.7232,,130,133,2,0,5,0,0,0,0,0,0,5
487,,-2454.8134,,130,133,2,0,5,0,0,0,0,0,0,5
488,,-2454.6493,,130,133,2,0,5,0,0,0,0,0,0,5
489,,-2454.5103,,130,133,2,0,5,0,0,0,0,0,0,5
490,,-2454.3461,,130,133,2,0,5,0,0,0,0,0,0,5
491,,-2454.25,,130,133,2,0,5,0,0,0,0,0,0,5
492,,-2453.8844,,130,133,2,0,5,0,0,0,0,0,0,5
493,,-2454.1508,,130,133,2,0,5,0,0,0,0,0,0,5
494,,-2454.2396,,130,133,2,0,5,0,0,0,0,0,0,5
495,,-2454.3296,,130,133,2,0,5,0,0,0,0,0,0,5
496,,-2454.3084,,130,133,2,0,5,0,0,0,0,0,0,5
497,,-2454.2741,,130,133,2,0,5,0,0,0,0,0,0,5
498,,-2454.1614,,130,133,2,0,5,0,0,0,0,0,0,5
499,,-2454.3615,,130,133,2,0,5,0,0,0,0,0,0,5
500,,-2454.4082,,130,133,2,0,5,0,0,0,0,0,0,5
501,,-2454.6046,,130,133,2,0,5,0,0,0,0,0,0,5
502,,-2454.7893,,130,133,2,0,5,0,0,0,0,0,0,5
503,,-2454.6871,,130,133,2,0,5,0,0,0,0,0,0,5
504,,-2454.8218,,130,133,2,0,5,0,0,0,0,0,0,5
505,,-2455.0117,,130,133,2,0,5,0,0,0,0,0,0,5
506,,-2455.0612,,130,133,2,0,5,0,0,0,0,0,0,5
507,,-2455.0862,,130,133,2,0,5,0,0,0,0,0,0,5
508,,-2455.1667,,130,133,2,0,5,0,0,0,0,0,0,5
509,,-2455.2569,,130,133,2,0,5,0,0,0,0,0,0,5
510,,-2455.201,,130,133,2,0,5,0,0,0,0,0,0,5
511,,-2455.2949,,130,133,2,0,5,0,0,0,0,0,0,5
512,,-2455.4449,,130,133,2,0,5,0,0,0,0,0,0,5
513,,-2455.4618,,130,133,2,0,5,0,0,0,0,0,0,5
514,,-2455.6589,,130,133,2,0,5,0,0,0,0,0,0,5
515,,-2455.4763,,130,133,2,0,5,0,0,0,0,0,0,5
516,,-2455.5391,,130,133,2,0,5,0,0,0,0,0,0,5
517,,-2455.6804,,130,133,2,0,5,0,0,0,0,0,0,5
518,,-2455.9468,,130,133,2,0,5,0,0,0,0,0,0,5
519,,-2456.1975,,130,133,2,0,5,0,0,0,0,0,0,5
520,,-2456.2013,,130,133,2,0,5,0,0,0,0,0,0,5
521,,-2456.3002,,130,133,2,0,5,0,0,0,0,0,0,5
522,,-2456.2622,,130,133,2,0,5,0,0,0,0,0,0,5
523,,-2456.3253,,130,133,2,0,5,0,0,0,0,0,0,5
524,,-2456.1894,,130,133,2,0,5,0,0,0,0,0,0,5
525,,-2456.0783,,130,133,2,0,5,0,0,0,0,0,0,5
526,,-2456.0763,,130,133,2,0,5,0,0,0,0,0,0,5
527,,-2455.9946,,130,133,2,0,5,0,0,0,0,0,0,5
528,,-2455.9902,,130,133,2,0,5,0,0,0,0,0,0,5
529,,-2455.9558,,130,133,2,0,5,0,0,0,0,0,0,5
530,,-2455.9385,,130,133,2,0,5,0,0,0,0,0,0,5
531,,-2456.0282,,130,133,2,0,5,0,0,0,0,0,0,5
532,,-2462.7645,,130,134,2,0,6,0,0,0,0,0,0,5
533,,-2462.7404,,130,134,2,0,6,0,0,0,0,0,0,5
534,,-2462.9245,,130,134,2,0,6,0,0,0,0,0,0,5
535,,-2463.1227,,130,134,2,0,6,0,0,0,0,0,0,5
536,,-2463.4985,,130,134,2,0,6,0,0,0,0,0,0,5
537,,-2463.8916,,130,134,2,0,6,0,0,0,0,0,0,5
538,,-2464.3137,,130,134,2,0,6,0,0,0,0,0,0,5
539,,-2464.5602,,130,134,2,0,6,0,0,0,0,0,0,5
540,,-2464.5898,,130,134,2,0,6,0,0,0,0,0,0,5
541,,-2464.5059,,130,134,2,0,6,0,0,0,0,0,0,5
542,,-2464.3481,,130,134,2,0,6,0,0,0,0,0,0,5
543,,-2464.0487,,130,134,2,0,6,0,0,0,0,0,0,5
544,,-2463.7784,,130,134,2,0,6,0,0,0,0,0,0,5
545,,-2463.5818,,130,134,2,0,6,0,0,0,0,0,0,5
546,,-2463.3901,,130,134,2,0,6,0,0,0,0,0,0,5
547,,-2463.2182,,130,134,2,0,6,0,0,0,0,0,0,5
548,,-2463.3982,,130,134,2,0,6,0,0,0,0,0,0,5
549,,-2463.497,,130,134,2,0,6,0,0,0,0,0,0,5
550,,-2463.8415,,130,134,2,0,6,0,0,0,0,0,0,5
551,,-2464.0141,,130,134,2,0,6,0,0,0,0,0,0,5
552,,-2464.1601,,130,134,2,0,6,0,0,0,0,0,0,5
553,,-2464.1132,,130,134,2,0,6,0,0,0,0,0,0,5
554,,-2464.2621,,130,134,2,0,6,0,0,0,0,0,0,5
555,,-2464.3768,,130,134,2,0,6,0,0,0,0,0,0,5
556,,-2464.4339,,130,134,2,0,6,0,0,0,0,0,0,5
557,,-2464.4035,,130,134,2,0,6,0,0,0,0,0,0,5
558,,-2464.7088,,130,134,2,0,6,0,0,0,0,0,0,5
559,,-2464.58,,130,134,2,0,6,0,0,0,0,0,0,5
560,,-2464.6478,,130,134,2,0,6,0,0,0,0,0,0,5
561,,-2464.6274,,130,134,2,0,6,0,0,0,0,0,0,5
562,,-2464.5837,,130,134,2,0,6,0,0,0,0,0,0,5
563,,-2464.4503,,130,134,2,0,6,0,0,0,0,0,0,5
564,,-2464.3828,,130,134,2,0,6,0,0,0,0,0,0,5
565,,-2464.2459,,130,134,2,0,6,0,0,0,0,0,0,5
566,,-2464.0873,,130,134,2,0,6,0,0,0,0,0,0,5
567,,-2463.8932,,130,134,2,0,6,0,0,0,0,0,0,5
568,,-2463.7278,,130,134,2,0,6,0,0,0,0,0,0,5
569,,-2463.6751,,130,134,2,0,6,0,0,0,0,0,0,5
570,,-2463.4964,,130,134,2,0,6,0,0,0,0,0,0,5
571,,-2463.4537,,130,134,2,0,6,0,0,0,0,0,0,5
572,,-2463.6696,,130,134,2,0,6,0,0,0,0,0,0,5
573,,-2463.7467,,130,134,2,0,6,0,0,0,0,0,0,5
574,,-2463.7665,,130,134,2,0,6,0,0,0,0,0,0,5
575,,-2463.731,,130,134,2,0,6,0,0,0,0,0,0,5
576,,-2463.6622,,130,134,2,0,6,0,0,0,0,0,0,5
577,,-2463.3217,,130,134,2,0,6,0,0,0,0,0,0,5
578,,-2463.1432,,130,134,2,0,6,0,0,0,0,0,0,5
579,,-2462.9452,,130,134,2,0,6,0,0,0,0,0,0,5
580,,-2462.5245,,130,134,2,0,6,0,0,0,0,0,0,5
581,,-2462.1062,,130,134,2,0,6,0,0,0,0,0,0,5
582,,-2461.833,,130,134,2,0,6,0,0,0,0,0,0,5
583,,-2461.6481,,130,134,2,0,6,0,0,0,0,0,0,5
584,,-2461.6869,,130,134,2,0,6,0,0,0,0,0,0,5
585,,-2461.5223,,130,134,2,0,6,0,0,0,0,0,0,5
586,,-2461.32,,130,134,2,0,6,0,0,0,0,0,0,5
587,,-2461.3227,,130,134,2,0,6,0,0,0,0,0,0,5
588,,-2461.5941,,130,134,2,0,6,0,0,0,0,0,0,5
589,,-2461.6737,,130,134,2,0,6,0,0,0,0,0,0,5
590,,-2461.881,,130,134,2,0,6,0,0,0,0,0,0,5
591,,-2462.1246,,130,134,2,0,6,0,0,0,0,0,0,5
592,,-2462.2382,,130,134,2,0,6,0,0,0,0,0,0,5
593,,-2462.6487,,130,134,2,0,6,0,0,0,0,0,0,5
594,,-2463.0258,,130,134,2,0,6,0,0,0,0,0,0,5
595,,-2463.5408,,130,134,2,0,6,0,0,0,0,0,0,5
596,,-2463.7512,,130,134,2,0,6,0,0,0,0,0,0,5
597,,-2463.743,,130,134,2,0,6,0,0,0,0,0,0,5
598,,-2463.3091,,130,134,2,0,6,0,0,0,0,0,0,5
599,,-2463.1311,,130,134,2,0,6,0,0,0,0,0,0,5
600,,-2462.8593,,130,134,2,0,6,0,0,0,0,0,0,5
601,,-2462.6046,,130,134,2,0,6,0,0,0,0,0,0,5
602,,-2462.3667,,130,134,2,0,6,0,0,0,0,0,0,5
603,,-2462.0699,,130,134,2,0,6,0,0,0,0,0,0,5
604,,-2462.0106,,130,134,2,0,6,0,0,0,0,0,0,5
605,,-2461.9038,,130,134,2,0,6,0,0,0,0,0,0,5
606,,-2461.6069,,130,134,2,0,6,0,0,0,0,0,0,5
607,,-2461.7139,,130,134,2,0,6,0,0,0,0,0,0,5
608,,-2461.9516,,130,134,2,0,6,0,0,0,0,0,0,5
609,,-2462.1212,,130,134,2,0,6,0,0,0,0,0,0,5
610,,-2462.2301,,130,134,2,0,6,0,0,0,0,0,0,5
611,,-2462.5092,,130,134,2,0,6,0,0,0,0,0,0,5
612,,-2462.6335,,130,134,2,0,6,0,0,0,0,0,0,5
613,,-2462.9928,,130,134,2,0,6,0,0,0,0,0,0,5
614,,-2463.2778,,130,134,2,0,6,0,0,0,0,0,0,5
615,,-2463.4363,,130,134,2,0,6,0,0,0,0,0,0,5
616,,-2463.6652,,130,134,2,0,6,0,0,0,0,0,0,5
617,,-2463.6805,,130,134,2,0,6,0,0,0,0,0,0,5
618,,-2463.7812,,130,134,2,0,6,0,0,0,0,0,0,5
619,,-2463.7867,,130,134,2,0,6,0,0,0,0,0,0,5
620,,-2463.6739,,130,134,2,0,6,0,0,0,0,0,0,5
621,,-2463.5599,,130,134,2,0,6,0,0,0,0,0,0,5
622,,-2463.4054,,130,134,2,0,6,0,0,0,0,0,0,5
623,,-2463.3038,,130,134,2,0,6,0,0,0,0,0,0,5
624,,-2463.2974,,130,134,2,0,6,0,0,0,0,0,0,5
625,,-2463.086,,130,134,2,0,6,0,0,0,0,0,0,5
626,,-2463.045,,130,134,2,0,6,0,0,0,0,0,0,5
627,,-2462.9241,,130,134,2,0,6,0,0,0,0,0,0,5
628,,-2463.0631,,130,134,2,0,6,0,0,0,0,0,0,5
629,,-2463.0739,,130,134,2,0,6,0,0,0,0,0,0,5
630,,-2463.0507,,130,134,2,0,6,0,0,0,0,0,0,5
631,,-2463.0862,,130,134,2,0,6,0,0,0,0,0,0,5
632,,-2463.1607,,130,134,2,0,6,0,0,0,0,0,0,5
633,,-2463.2016,,130,134,2,0,6,0,0,0,0,0,0,5
634,,-2463.3168,,130,134,2,0,6,0,0,0,0,0,0,5
635,,-2463.4885,,130,134,2,0,6,0,0,0,0,0,0,5
636,,-2463.5539,,130,134,2,0,6,0,0,0,0,0,0,5
637,,-2463.6573,,130,134,2,0,6,0,0,0,0,0,0,5
638,,-2463.6583,,130,134,2,0,6,0,0,0,0,0,0,5
639,,-2463.7316,,130,134,2,0,6,0,0,0,0,0,0,5
640,,-2463.977,,130,134,2,0,6,0,0,0,0,0,0,5
641,,-2463.9157,,130,134,2,0,6,0,0,0,0,0,0,5
642,,-2463.7564,,130,134,2,0,6,0,0,0,0,0,0,5
643,,-2463.5549,,130,134,2,0,6,0,0,0,0,0,0,5
644,,-2463.2506,,130,134,2,0,6,0,0,0,0,0,0,5
645,,-2462.9646,,130,134,2,0,6,0,0,0,0,0,0,5
646,,-2462.6824,,130,134,2,0,6,0,0,0,0,0,0,5
647,,-2462.8053,,130,134,2,0,6,0,0,0,0,0,0,5
648,,-2462.5413,,130,134,2,0,6,0,0,0,0,0,0,5
649,,-2462.6884,,130,134,2,0,6,0,0,0,0,0,0,5
650,,-2462.5845,,130,134,2,0,6,0,0,0,0,0,0,5
651,,-2462.4746,,130,134,2,0,6,0,0,0,0,0,0,5
652,,-2462.6295,,130,134,2,0,6,0,0,0,0,0,0,5
653,,-2462.8658,,130,134,2,0,6,0,0,0,0,0,0,5
654,,-2462.9266,,130,134,2,0,6,0,0,0,0,0,0,5
655,,-2462.9529,,130,134,2,0,6,0,0,0,0,0,0,5
656,,-2462.9075,,130,134,2,0,6,0,0,0,0,0,0,5
657,,-2462.8264,,130,134,2,0,6,0,0,0,0,0,0,5
658,,-2462.6379,,130,134,2,0,6,0,0,0,0,0,0,5
659,,-2462.3754,,130,134,2,0,6,0,0,0,0,0,0,5
660,,-2462.0959,,130,134,2,0,6,0,0,0,0,0,0,5
661,,-2461.9601,,130,134,2,0,6,0,0,0,0,0,0,5
662,,-2462.044,,130,134,2,0,6,0,0,0,0,0,0,5
663,,-2462.1359,,130,134,2,0,6,0,0,0,0,0,0,5
664,,-2462.3244,,130,134,2,0,6,0,0,0,0,0,0,5
665,,-2462.2142,,130,134,2,0,6,0,0,0,0,0,0,5
666,,-2462.1767,,130,134,2,0,6,0,0,0,0,0,0,5
667,,-2462.2535,,130,134,2,0,6,0,0,0,0,0,0,5
668,,-2462.3217,,130,134,2,0,6,0,0,0,0,0,0,5
669,,-2462.2761,,130,134,2,0,6,0,0,0,0,0,0,5
670,,-2462.5573,,130,134,2,0,6,0,0,0,0,0,0,5
671,,-2462.5936,,130,134,2,0,6,0,0,0,0,0,0,5
672,,-2462.6921,,130,134,2,0,6,0,0,0,0,0,0,5
673,,-2462.7489,,130,134,2,0,6,0,0,0,0,0,0,5
674,,-2462.8535,,130,134,2,0,6,0,0,0,0,0,0,5
675,,-2462.8221,,130,134,2,0,6,0,0,0,0,0,0,5
676,,-2462.7267,,130,134,2,0,6,0,0,0,0,0,0,5
677,,-2463.0568,,130,134,2,0,6,0,0,0,0,0,0,5
678,,-2463.2624,,130,134,2,0,6,0,0,0,0,0,0,5
679,,-2463.5146,,130,134,2,0,6,0,0,0,0,0,0,5
680,,-2463.733,,130,134,2,0,6,0,0,0,0,0,0,5
681,,-2463.8895,,130,134,2,0,6,0,0,0,0,0,0,5
682,,-2464.2091,,130,134,2,0,6,0,0,0,0,0,0,5
683,,-2464.2644,,130,134,2,0,6,0,0,0,0,0,0,5
684,,-2464.2884,,130,134,2,0,6,0,0,0,0,0,0,5
685,,-2464.0838,,130,134,2,0,6,0,0,0,0,0,0,5
686,,-2464.0199,,130,134,2,0,6,0,0,0,0,0,0,5
687,,-2464.1178,,130,134,2,0,6,0,0,0,0,0,0,5
688,,-2464.0273,,130,134,2,0,6,0,0,0,0,0,0,5
689,,-2463.8669,,130,134,2,0,6,0,0,0,0,0,0,5
690,,-2463.9003,,130,134,2,0,6,0,0,0,0,0,0,5
691,,-2463.95,,130,134,2,0,6,0,0,0,0,0,0,5
692,,-2464.0797,,130,134,2,0,6,0,0,0,0,0,0,5
693,,-2464.1213,,130,134,2,0,6,0,0,0,0,0,0,5
694,,-2464.2294,,130,134,2,0,6,0,0,0,0,0,0,5
695,,-2464.2532,,130,134,2,0,6,0,0,0,0,0,0,5
696,,-2464.2383,,130,134,2,0,6,0,0,0,0,0,0,5
697,,-2464.2437,,130,134,2,0,6,0,0,0,0,0,0,5
698,,-2464.4134,,130,134,2,0,6,0,0,0,0,0,0,5
699,,-2464.6539,,130,134,2,0,6,0,0,0,0,0,0,5
700,,-2464.6491,,130,134,2,0,6,0,0,0,0,0,0,5
701,,-2464.7638,,130,134,2,0,6,0,0,0,0,0,0,5
702,,-2464.9028,,130,134,2,0,6,0,0,0,0,0,0,5
703,,-2464.9351,,130,134,2,0,6,0,0,0,0,0,0,5
704,,-2464.82,,130,134,2,0,6,0,0,0,0,0,0,5
705,,-2464.801,,130,134,2,0,6,0,0,0,0,0,0,5
706,,-2464.5867,,130,134,2,0,6,0,0,0,0,0,0,5
707,,-2464.4057,,130,134,2,0,6,0,0,0,0,0,0,5
708,,-2464.2824,,130,134,2,0,6,0,0,0,0,0,0,5
709,,-2464.0999,,130,134,2,0,6,0,0,0,0,0,0,5
710,,-2463.9241,,130,134,2,0,6,0,0,0,0,0,0,5
711,,-2463.8794,,130,134,2,0,6,0,0,0,0,0,0,5
712,,-2463.5209,,130,134,2,0,6,0,0,0,0,0,0,5
713,,-2463.2991,,130,134,2,0,6,0,0,0,0,0,0,5
714,,-2463.1072,,130,134,2,0,6,0,0,0,0,0,0,5
715,,-2463.0699,,130,134,2,0,6,0,0,0,0,0,0,5
716,,-2463.1295,,130,134,2,0,6,0,0,0,0,0,0,5
717,,-2463.1209,,130,134,2,0,6,0,0,0,0,0,0,5
718,,-2462.6807,,130,134,2,0,6,0,0,0,0,0,0,5
719,,-2462.5636,,130,134,2,0,6,0,0,0,0,0,0,5
720,,-2462.4559,,130,134,2,0,6,0,0,0,0,0,0,5
721,,-2462.2782,,130,134,2,0,6,0,0,0,0,0,0,5
722,,-2462.1419,,130,134,2,0,6,0,0,0,0,0,0,5
723,,-2461.8131,,130,134,2,0,6,0,0,0,0,0,0,5
724,,-2461.5129,,130,134,2,0,6,0,0,0,0,0,0,5
725,,-2461.563,,130,134,2,0,6,0,0,0,0,0,0,5
726,,-2461.4214,,130,134,2,0,6,0,0,0,0,0,0,5
727,,-2467.9444,,130,135,2,0,7,0,0,0,0,0,0,5
728,,-2468.1053,,130,135,2,0,7,0,0,0,0,0,0,5
729,,-2468.6955,,130,135,2,0,7,0,0,0,0,0,0,5
730,,-2469.5484,,130,135,2,0,7,0,0,0,0,0,0,5
731,,-2469.9103,,130,135,2,0,7,0,0,0,0,0,0,5
732,,-2470.3204,,130,135,2,0,7,0,0,0,0,0,0,5
733,,-2470.4245,,130,135,2,0,7,0,0,0,0,0,0,5
734,,-2470.3805,,130,135,2,0,7,0,0,0,0,0,0,5
735,,-2470.4427,,130,135,2,0,7,0,0,0,0,0,0,5
736,,-2470.3124,,130,135,2,0,7,0,0,0,0,0,0,5
737,,-2470.4689,,130,135,2,0,7,0,0,0,0,0,0,5
738,,-2470.4691,,130,135,2,0,7,0,0,0,0,0,0,5
739,,-2470.6215,,130,135,2,0,7,0,0,0,0,0,0,5
740,,-2470.499,,130,135,2,0,7,0,0,0,0,0,0,5
